case_id,score
57543,0.13737723245696337
57549,0.038559023104439254
57551,0.06649219495164098
57552,0.06104436682681765
57569,0.04536053541377792
57630,0.028417566671038633
57631,0.15210537254540346
57632,0.04354633391871126
57633,0.039344437229111365
57634,0.09313049796862452
