case_id,score
57543,0.12679367707431743
57549,0.052453946384594295
57551,0.10700369403560253
57552,0.0954311001993986
57569,0.06962995076119105
57630,0.04516151726228422
57631,0.23412163737941188
57632,0.05294996554963408
57633,0.036964474290790826
57634,0.13117772085589824
